{
  "composite_method_basis": {
    "pbeh-3c": "def2-mSVP",
    "b97-3c": "def2-mTZVP",
    "hf-3c": "minix",
    "r2scan-3c": "def2-mTZVPP"
  },
  "relay_functionals": {
    "pbe": "pbe-d4",
    "tpss": "tpss-d4",
    "b97-d": "b97-d3(0)",
    "kt1": "kt1-novdw",
    "kt2": "kt2-novdw",
    "pbe0": "pbe0-d4",
    "pw6b95": "pw6b95-d4",
    "b3lyp": "b3lyp-d4",
    "b3-lyp": "b3lyp-d4",
    "dsd-blyp": "dsd-blyp-d3"
  },
  "functionals": {
    "dummy": {
      "tm": null,
      "nwchem": null,
      "orca": "dummy",
      "disp": "dummy",
      "type": "dummy"
    },
    "pbeh-3c": {
      "nwchem": null,
      "tm": "pbeh-3c",
      "orca": "pbeh-3c",
      "disp": "composite",
      "type": "composite_hybrid"
    },
    "b97-3c": {
      "nwchem": null,
      "tm": "b97-3c",
      "orca": "b97-3c",
      "disp": "composite",
      "type": "composite_gga"
    },
    "r2scan-3c": {
      "nwchem": null,
      "tm": "r2scan-3c",
      "orca": "r2scan-3c",
      "disp": "composite",
      "type": "composite_mgga"
    },
    "r2scan-novdw": {
      "nwchem": null,
      "tm": "r2scan",
      "orca": "r2scan",
      "disp": "novdw",
      "type": "mgga"
    },
    "r2scan-d3": {
      "nwchem": null,
      "tm": "r2scan",
      "orca": "r2scan",
      "disp": "d3bj",
      "type": "mgga"
    },
    "r2scan-d3(0)": {
      "nwchem": null,
      "tm": "r2scan",
      "orca": "r2scan",
      "disp": "d3(0)",
      "type": "mgga"
    },
    "r2scan-d4": {
      "nwchem": null,
      "tm": "r2scan",
      "orca": "r2scan",
      "disp": "d4",
      "type": "mgga"
    },
    "pbe-novdw": {
      "nwchem": null,
      "tm": "pbe",
      "orca": "pbe",
      "disp": "novdw",
      "type": "gga"
    },
    "pbe-d3": {
      "nwchem": null,
      "tm": "pbe",
      "orca": "pbe",
      "disp": "d3bj",
      "type": "gga"
    },
    "pbe-d3(0)": {
      "nwchem": null,
      "tm": "pbe",
      "orca": "pbe",
      "disp": "d3(0)",
      "type": "gga"
    },
    "pbe-d4": {
      "nwchem": null,
      "tm": "pbe",
      "orca": "pbe",
      "disp": "d4",
      "type": "gga"
    },
    "pbe-nl": {
      "nwchem": null,
      "tm": "pbe",
      "orca": null,
      "disp": "nl",
      "type": "gga"
    },
    "tpss-novdw": {
      "nwchem": null,
      "tm": "tpss",
      "orca": "tpss",
      "disp": "novdw",
      "type": "mgga"
    },
    "tpss-d3": {
      "nwchem": null,
      "tm": "tpss",
      "orca": "tpss",
      "disp": "d3bj",
      "type": "mgga"
    },
    "tpss-d3(0)": {
      "nwchem": null,
      "tm": "tpss",
      "orca": "tpss",
      "disp": "d3(0)",
      "type": "mgga"
    },
    "tpss-d4": {
      "nwchem": null,
      "tm": "tpss",
      "orca": "tpss",
      "disp": "d4",
      "type": "mgga"
    },
    "tpss-nl": {
      "nwchem": null,
      "tm": "tpss",
      "orca": null,
      "disp": "nl",
      "type": "mgga"
    },
    "revtpss-novdw": {
      "nwchem": null,
      "tm": "revtpss",
      "orca": "revTPSS",
      "disp": "novdw",
      "type": "mgga"
    },
    "tpssh-novdw": {
      "nwchem": null,
      "tm": null,
      "orca": "tpssh",
      "disp": "novdw",
      "type": "global_hybrid"
    },
    "tpssh-d3": {
      "nwchem": null,
      "tm": null,
      "orca": "tpssh",
      "disp": "d3",
      "type": "global_hybrid"
    },
    "tpssh-d3(0)": {
      "nwchem": null,
      "tm": null,
      "orca": "tpssh",
      "disp": "d3(0)",
      "type": "global_hybrid"
    },
    "tpssh-d4": {
      "nwchem": null,
      "tm": null,
      "orca": "tpssh",
      "disp": "d4",
      "type": "global_hybrid"
    },
    "b97-d3": {
      "nwchem": null,
      "tm": "b97-d",
      "orca": "b97-d3",
      "disp": "included",
      "type": "gga"
    },
    "b97-d4": {
      "nwchem": null,
      "tm": null,
      "orca": "b97",
      "disp": "d4",
      "type": "gga"
    },
    "kt1-novdw": {
      "nwchem": null,
      "tm": "kt1",
      "orca": null,
      "disp": "novdw",
      "type": "gga"
    },
    "kt2-novdw": {
      "nwchem": null,
      "tm": "kt2",
      "orca": "kt2",
      "disp": "novdw",
      "type": "gga"
    },
    "pbe0-novdw": {
      "nwchem": null,
      "tm": "pbe0",
      "orca": "pbe0",
      "disp": "novdw",
      "type": "global_hybrid"
    },
    "pbe0-d3": {
      "nwchem": null,
      "tm": "pbe0",
      "orca": "pbe0",
      "disp": "d3bj",
      "type": "global_hybrid"
    },
    "pbe0-d3(0)": {
      "nwchem": null,
      "tm": "pbe0",
      "orca": "pbe0",
      "disp": "d3(0)",
      "type": "global_hybrid"
    },
    "pbe0-d4": {
      "nwchem": null,
      "tm": "pbe0",
      "orca": "pbe0",
      "disp": "d4",
      "type": "global_hybrid"
    },
    "pbe0-nl": {
      "nwchem": null,
      "tm": "pbe0",
      "orca": null,
      "disp": "nl",
      "type": "global_hybrid"
    },
    "pw6b95-novdw": {
      "nwchem": null,
      "tm": "pw6b95",
      "orca": "pw6b95",
      "disp": "novdw",
      "type": "global_hybrid"
    },
    "pw6b95-d3": {
      "nwchem": null,
      "tm": "pw6b95",
      "orca": "pw6b95",
      "disp": "d3bj",
      "type": "global_hybrid"
    },
    "pw6b95-d3(0)": {
      "nwchem": null,
      "tm": "pw6b95",
      "orca": "pw6b95",
      "disp": "d3(0)",
      "type": "global_hybrid"
    },
    "pw6b95-d4": {
      "nwchem": null,
      "tm": "pw6b95",
      "orca": "pw6b95",
      "disp": "d4",
      "type": "global_hybrid"
    },
    "b3lyp-novdw": {
      "nwchem": "b3lyp",
      "tm": "b3-lyp",
      "orca": "b3lyp",
      "disp": "novdw",
      "type": "global_hybrid"
    },
    "b3lyp-d3": {
      "nwchem": "b3lyp",
      "tm": "b3-lyp",
      "orca": "b3lyp",
      "disp": "d3bj",
      "type": "global_hybrid"
    },
    "b3lyp-d3(0)": {
      "nwchem": null,
      "tm": "b3-lyp",
      "orca": "b3lyp",
      "disp": "d3(0)",
      "type": "global_hybrid"
    },
    "b3lyp-d4": {
      "nwchem": null,
      "tm": "b3-lyp",
      "orca": "b3lyp",
      "disp": "d4",
      "type": "global_hybrid"
    },
    "b3lyp-nl": {
      "tm": "b3-lyp",
      "orca": "b3lyp",
      "nwchem": "b3lyp",
      "disp": "nl",
      "type": "global_hybrid"
    },
    "wb97x-v": {
      "nwchem": null,
      "tm": "wb97x-v",
      "orca": "wb97x-v",
      "disp": "included",
      "type": "rs_hybrid"
    },
    "wb97x-d3": {
      "nwchem": null,
      "tm": null,
      "orca": "wb97x-d3",
      "disp": "included",
      "type": "rs_hybrid"
    },
    "wb97x-d3bj": {
      "nwchem": null,
      "tm": null,
      "orca": "wb97x-d3bj",
      "disp": "included",
      "type": "rs_hybrid"
    },
    "wb97x-d4": {
      "nwchem": null,
      "tm": null,
      "orca": "wb97x-d4",
      "disp": "included",
      "type": "rs_hybrid"
    },
    "wb97m-v": {
      "nwchem": null,
      "tm": null,
      "orca": "wb97m-v",
      "disp": "included",
      "type": "rs_hybrid"
    },
    "chyf-b95-novdw": {
      "tm": "chyf-b95",
      "orca": null,
      "disp": "novdw",
      "type": "local_hybrid"
    },
    "chyf-b95-d3": {
      "tm": "chyf-b95",
      "orca": null,
      "disp": "d3bj",
      "type": "local_hybrid"
    },
    "chyf-b95-d4": {
      "tm": "chyf-b95",
      "orca": null,
      "disp": "d4",
      "type": "local_hybrid"
    },
    "dsd-blyp-d3": {
      "nwchem": null,
      "tm": null,
      "orca": "ri-dsd-blyp",
      "disp": "d3bj",
      "type": "double"
    },
    "dsd-pbep86-d3": {
      "nwchem": null,
      "tm": null,
      "orca": "dsd-pbep86",
      "disp": "d3bj",
      "type": "double"
    }
  }
}
