{
  "smd": {
    "1,1,1-trichloroethane": ["1,1,1-trichloroethane"],
    "1,1,2-trichloroethane": ["1,1,2-trichloroethane"],
    "1,2,4-trimethylbenzene": ["1,2,4-trimethylbenzene"],
    "1,2-dibromoethane": ["1,2-dibromoethane"],
    "1,2-dichloroethane": ["1,2-dichloroethane"],
    "1,2-ethanediol": ["1,2-ethanediol"],
    "1,4-dioxane": ["1,4-dioxane"],
    "1-bromo-2-methylpropane": ["1-bromo-2-methylpropane"],
    "1-bromooctane": ["1-bromooctane"],
    "1-bromopentane": ["1-bromopentane"],
    "1-bromopropane": ["1-bromopropane"],
    "1-butanol": ["1-butanol"],
    "1-chlorohexane": ["1-chlorohexane"],
    "1-chloropentane": ["1-chloropentane"],
    "1-chloropropane": ["1-chloropropane"],
    "1-decanol": ["1-decanol"],
    "1-fluorooctane": ["1-fluorooctane"],
    "1-heptanol": ["1-heptanol"],
    "1-hexanol": ["1-hexanol"],
    "1-hexene": ["1-hexene"],
    "1-hexyne": ["1-hexyne"],
    "1-iodobutane": ["1-iodobutane"],
    "1-iodohexadecane": ["1-iodohexadecane"],
    "1-iodopentane": ["1-iodopentane"],
    "1-iodopropane": ["1-iodopropane"],
    "1-nitropropane": ["1-nitropropane"],
    "1-nonanol": ["1-nonanol"],
    "1-octanol": ["1-octanol"],
    "1-pentanol": ["1-pentanol"],
    "1-pentene": ["1-pentene"],
    "1-propanol": ["1-propanol"],
    "2,2,2-trifluoroethanol": ["2,2,2-trifluoroethanol"],
    "2,2,4-trimethylpentane": ["2,2,4-trimethylpentane"],
    "2,4-dimethylpentane": ["2,4-dimethylpentane"],
    "2,4-dimethylpyridine": ["2,4-dimethylpyridine"],
    "2,6-dimethylpyridine": ["2,6-dimethylpyridine"],
    "2-bromopropane": ["2-bromopropane"],
    "2-butanol": ["2-butanol"],
    "2-chlorobutane": ["2-chlorobutane"],
    "2-heptanone": ["2-heptanone"],
    "2-hexanone": ["2-hexanone"],
    "2-methoxyethanol": ["2-methoxyethanol"],
    "2-methyl-1-propanol": ["2-methyl-1-propanol"],
    "2-methyl-2-propanol": ["2-methyl-2-propanol"],
    "2-methylpentane": ["2-methylpentane"],
    "2-methylpyridine": ["2-methylpyridine"],
    "2-nitropropane": ["2-nitropropane"],
    "2-octanone": ["2-octanone"],
    "2-pentanone": ["2-pentanone"],
    "2-propanol": ["2-propanol"],
    "2-propen-1-ol": ["2-propen-1-ol"],
    "e-2-pentene": ["e-2-pentene"],
    "3-methylpyridine": ["3-methylpyridine"],
    "3-pentanone": ["3-pentanone"],
    "4-heptanone": ["4-heptanone"],
    "4-methyl-2-pentanone": ["4-methyl-2-pentanone"],
    "4-methylpyridine": ["4-methylpyridine"],
    "5-nonanone": ["5-nonanone"],
    "acetic acid": ["acetic_acid"],
    "acetone": ["acetone"],
    "acetonitrile": ["mecn", "acetonitrile", "cyanomethane"],
    "acetophenone": ["acetophenone"],
    "aniline": ["aniline"],
    "anisole": ["anisole"],
    "benzaldehyde": ["benzaldehyde"],
    "benzene": ["benzene"],
    "benzonitrile": ["benzonitrile"],
    "benzyl alcohol": ["benzyl_alcohol"],
    "bromobenzene": ["bromobenzene"],
    "bromoethane": ["bromoethane"],
    "bromoform": ["bromoform"],
    "butanal": ["butanal"],
    "butanoic acid": ["butanoic_acid"],
    "butanone": ["butanone"],
    "butanonitrile": ["butanonitrile"],
    "butyl ethanoate": ["butyl_ethanoate"],
    "butylamine": ["butylamine"],
    "n-butylbenzene": ["n-butylbenzene"],
    "sec-butylbenzene": ["sec-butylbenzene"],
    "tert-butylbenzene": ["tert-butylbenzene"],
    "carbon disulfide": ["carbon_disulfide"],
    "carbon tetrachloride": ["carbon_tetrachloride"],
    "chlorobenzene": ["chlorobenzene"],
    "chloroform": ["chloroform", "chcl3"],
    "a-chlorotoluene": ["a-chlorotoluene"],
    "o-chlorotoluene": ["o-chlorotoluene"],
    "m-cresol": ["m-cresol"],
    "o-cresol": ["o-cresol"],
    "cyclohexane": ["cyclohexane"],
    "cyclohexanone": ["cyclohexanone"],
    "mecn": ["mecn", "acetonitrile", "cyanomethane"],
    "ccl4": ["ccl4"],
    "cyclopentane": ["cyclopentane"],
    "cyclopentanol": ["cyclopentanol"],
    "cyclopentanone": ["cyclopentanone"],
    "decalin (cis/trans mixture)": ["decalin_mix"],
    "cis-decalin": ["cis-decalin"],
    "n-decane": ["n-decane"],
    "dibromomethane": ["dibromomethane"],
    "dibutylether": ["dibutylether"],
    "o-dichlorobenzene": ["o-dichlorobenzene"],
    "e-1,2-dichloroethene": ["e-1,2-dichloroethene"],
    "z-1,2-dichloroethene": ["z-1,2-dichloroethene"],
    "dichloromethane": ["dichloromethane"],
    "diethyl ether": ["diethyl_ether"],
    "diethyl sulfide": ["diethyl_sulfide"],
    "diethylamine": ["diethylamine"],
    "diiodomethane": ["diiodomethane"],
    "diisopropyl ether": ["diisopropyl_ether"],
    "cis-1,2-dimethylcyclohexane": ["cis-1,2-dimethylcyclohexane"],
    "dimethyl disulfide": ["dimethyl_disulfide"],
    "n,n-dimethylacetamide": ["n,n-dimethylacetamide"],
    "n,n-dimethylformamide": ["n,n-dimethylformamide"],
    "dimethylsulfoxide": ["dimethylsulfoxide"],
    "diphenylether": ["diphenylether"],
    "dipropylamine": ["dipropylamine"],
    "n-dodecane": ["n-dodecane"],
    "ethanethiol": ["ethanethiol"],
    "ethanol": ["ethanol"],
    "ethyl ethanoate": ["ethyl_ethanoate"],
    "ethyl methanoate": ["ethyl_methanoate"],
    "ethyl phenyl ether": ["ethyl_phenyl_ether"],
    "ethylbenzene": ["ethylbenzene"],
    "fluorobenzene": ["fluorobenzene"],
    "formamide": ["formamide"],
    "formic acid": ["formic_acid"],
    "n-heptane": ["n-heptane"],
    "n-hexadecane": ["n-hexadecane"],
    "n-hexane": ["n-hexane"],
    "hexanoic acid": ["hexanoic_acid"],
    "iodobenzene": ["iodobenzene"],
    "iodoethane": ["iodoethane"],
    "iodomethane": ["iodomethane"],
    "isopropylbenzene": ["isopropylbenzene"],
    "p-isopropyltoluene": ["p-isopropyltoluene"],
    "mesitylene": ["mesitylene"],
    "methanol": ["methanol"],
    "methyl benzoate": ["methyl_benzoate"],
    "methyl butanoate": ["methyl_butanoate"],
    "methyl ethanoate": ["methyl_ethanoate"],
    "methyl methanoate": ["methyl_methanoate"],
    "methyl propanoate": ["methyl_propanoate"],
    "n-methylaniline": ["n-methylaniline"],
    "methylcyclohexane": ["methylcyclohexane"],
    "n-methylformamide": ["n-methylformamide"],
    "nitrobenzene": ["nitrobenzene"],
    "nitroethane": ["nitroethane"],
    "nitromethane": ["nitromethane"],
    "o-nitrotoluene": ["o-nitrotoluene"],
    "n-nonane": ["n-nonane"],
    "n-octane": ["n-octane"],
    "n-pentadecane": ["n-pentadecane"],
    "pentanal": ["pentanal"],
    "n-pentane": ["n-pentane"],
    "pentanoic acid": ["pentanoic_acid"],
    "pentyl ethanoate": ["pentyl_ethanoate"],
    "pentylamine": ["pentylamine"],
    "perfluorobenzene": ["perfluorobenzene"],
    "propanal": ["propanal"],
    "propanoic acid": ["propanoic_acid"],
    "propanonitrile": ["propanonitrile"],
    "propyl ethanoate": ["propyl_ethanoate"],
    "propylamine": ["propylamine"],
    "pyridine": ["pyridine"],
    "tetrachloroethene": ["tetrachloroethene"],
    "tetrahydrofuran": ["tetrahydrofuran"],
    "tetrahydrothiophene-s,s-dioxide": ["tetrahydrothiophene-s,s-dioxide"],
    "tetralin": ["tetralin"],
    "thiophene": ["thiophene"],
    "thiophenol": ["thiophenol"],
    "toluene": ["toluene"],
    "trans-decalin": ["trans-decalin"],
    "tributylphosphate": ["tributylphosphate"],
    "trichloroethene": ["trichloroethene"],
    "triethylamine": ["triethylamine"],
    "n-undecane": ["n-undecane"],
    "water": ["h2o", "water"],
    "xylene (mixture)": ["xylene_mix"],
    "m-xylene": ["m-xylene"],
    "o-xylene": ["o-xylene"],
    "p-xylene": ["p-xylene"],
    "dmf": ["dmf"],
    "dmso": ["dmso"],
    "phno2": ["phno2"],
    "meno2": ["meno2"],
    "thf": ["thf"]
  },
  "gbsa": {
    "acetone": ["propanone", "acetone"],
    "acetonitrile": ["mecn", "acetonitrile", "cyanomethane"],
    "aniline": ["aniline"],
    "benzaldehyde": ["benzaldehyde"],
    "benzene": ["benzene"],
    "chcl3": ["chloroform", "chcl3"],
    "ch2cl2": ["ch2cl2"],
    "ccl4": ["ccl4"],
    "cs2": ["cs2"],
    "dioxane": ["dioxane"],
    "dmf": ["dmf"],
    "dmso": ["dmso"],
    "ether": ["ether"],
    "ethanol": ["ethanol"],
    "ethylacetate": ["ethylacetate"],
    "furane": ["furane"],
    "hexadecane": ["hexadecane"],
    "hexane": ["hexane"],
    "h2o": ["h2o"],
    "water": ["water"],
    "methanol": ["methanol"],
    "nitromethane": ["nitromethane"],
    "thf": ["thf"],
    "toluene": ["toluene"],
    "octanol": ["octanol"],
    "woctanol": ["woctanol", "wet_octanol"],
    "phenol": ["phenol"]
  },
  "alpb": {
    "acetone": ["propanone", "acetone"],
    "acetonitrile": ["cyanomethane", "acetonitrile"],
    "aniline": ["aniline"],
    "benzaldehyde": ["benzaldehyde"],
    "benzene": ["benzene"],
    "chcl3": ["chloroform", "chcl3"],
    "ch2cl2": ["ch2cl2", "dcm"],
    "ccl4": ["ccl4"],
    "cs2": ["cs2"],
    "dioxane": ["dioxane"],
    "dmf": ["dmf"],
    "dmso": ["dmso"],
    "ether": ["ether"],
    "ethanol": ["ethanol"],
    "ethylacetate": ["ethylacetate"],
    "furane": ["furane"],
    "hexadecane": ["hexadecane"],
    "hexane": ["hexane"],
    "water": ["water", "h2o"],
    "methanol": ["methanol"],
    "nitromethane": ["nitromethane"],
    "thf": ["thf"],
    "toluene": ["toluene"],
    "octanol": ["octanol"],
    "woctanol": ["woctanol", "wet_octanol"],
    "phenol": ["phenol"]
  },
  "cpcm": {
    "water": ["h2o", "water"],
    "acetone": ["propanone", "acetone"],
    "acetonitrile": ["cyanomethane", "acetonitrile"],
    "ammonia": ["ammonia"],
    "benzene": ["benzene"],
    "chloroform": ["chloroform"],
    "ch2cl2": ["ch2cl2", "dcm"],
    "ccl4": ["ccl4"],
    "cyclohexane": ["cyclohexane"],
    "dmf": ["dmf"],
    "dmso": ["dmso"],
    "ethanol": ["ethanol"],
    "hexane": ["hexane"],
    "methanol": ["methanol"],
    "octanol": ["octanol"],
    "pyridine": ["pyridine"],
    "thf": ["thf"],
    "toluene": ["toluene"]
  },
  "cosmors-fine": {
    "propanone_c0": ["acetone", "propanone", "propanone_c0"],
    "chcl3_c0": ["chloroform", "trichloromethane", "chcl3", "chcl3_c0"],
    "acetonitrile_c0": [
      "acetonitrile",
      "mecn",
      "cyanomethane",
      "acetonitrile_c0"
    ],
    "ch2cl2_c0": ["ch2cl2", "ch2cl2_c0"],
    "dimethylsulfoxide_c0": ["dimethylsulfoxide", "dimethylsulfoxide_c0"],
    "h2o_c0": ["h2o", "h2o_c0"],
    "methanol_c0": ["methanol", "methanol_c0"],
    "thf_c0": ["thf", "thf_c0"],
    "toluene_c0": ["toluene_c0", "toluene"],
    "1-octanol_c0": ["1-octanol_c0", "1-octanol"],
    "woctanol": ["woctanol", "wet_octanol"],
    "n-hexadecane_c0": ["n-hexadecane_c0", "n-hexadecane"],
    "dimethylformamide_c0": ["dimethylformamide_c0", "dimethylformamide"],
    "aniline_c0": ["aniline_c0", "aniline"],
    "cyclohexane_c0": ["cyclohexane_c0", "cyclohexane"],
    "ccl4_c0": ["ccl4_c0", "ccl4"],
    "diethylether_c0": ["diethylether_c0", "diethylether"],
    "ethanol_c0": ["ethanol_c0", "ethanol"],
    "hexane_c0": ["hexane_c0", "hexane"],
    "nitromethane_c0": ["nitromethane_c0", "nitromethane"],
    "benzaldehyde_c0": ["benzaldehyde", "benzaldehyde_c0"],
    "benzene_c0": ["benzene", "benzene_c0"],
    "cs2_c0": ["cs2", "cs2_c0"],
    "dioxane_c0": ["dioxane", "1,4-dioxane", "dioxane_c0"],
    "ethylacetate_c0": ["ethylacetate_c0", "ethylacetate"],
    "furane_c0": ["furane", "furane_c0"],
    "phenol_c0": ["phenol_c0", "phenol"],
    "1,2-dichloroethane_c0": ["1,2-dichloroethane_c0", "1,2-dichloroethane"]
  },
  "cosmors": {
    "propanone_c0": ["acetone", "propanone", "propanone_c0"],
    "chcl3_c0": ["chloroform", "trichloromethane", "chcl3", "chcl3_c0"],
    "acetonitrile_c0": [
      "acetonitrile",
      "mecn",
      "cyanomethane",
      "acetonitrile_c0"
    ],
    "ch2cl2_c0": ["ch2cl2", "ch2cl2_c0"],
    "dimethylsulfoxide_c0": ["dimethylsulfoxide", "dimethylsulfoxide_c0"],
    "h2o_c0": ["h2o", "h2o_c0"],
    "methanol_c0": ["methanol", "methanol_c0"],
    "thf_c0": ["thf", "thf_c0"],
    "toluene_c0": ["toluene_c0", "toluene"],
    "1-octanol_c0": ["1-octanol_c0", "1-octanol"],
    "woctanol": ["woctanol", "wet_octanol"],
    "n-hexadecane_c0": ["n-hexadecane_c0", "n-hexadecane"],
    "dimethylformamide_c0": ["dimethylformamide_c0", "dimethylformamide"],
    "aniline_c0": ["aniline_c0", "aniline"],
    "cyclohexane_c0": ["cyclohexane_c0", "cyclohexane"],
    "ccl4_c0": ["ccl4_c0", "ccl4"],
    "diethylether_c0": ["diethylether_c0", "diethylether"],
    "ethanol_c0": ["ethanol_c0", "ethanol"],
    "hexane_c0": ["hexane_c0", "hexane"],
    "nitromethane_c0": ["nitromethane_c0", "nitromethane"],
    "benzaldehyde_c0": ["benzaldehyde", "benzaldehyde_c0"],
    "benzene_c0": ["benzene", "benzene_c0"],
    "cs2_c0": ["cs2", "cs2_c0"],
    "dioxane_c0": ["dioxane", "1,4-dioxane", "dioxane_c0"],
    "ethylacetate_c0": ["ethylacetate_c0", "ethylacetate"],
    "furane_c0": ["furane", "furane_c0"],
    "phenol_c0": ["phenol_c0", "phenol"],
    "1,2-dichloroethane_c0": ["1,2-dichloroethane_c0", "1,2-dichloroethane"]
  },
  "dcosmors": {
    "acetonitrile": ["cyanomethane", "acetonitrile", "mecn"],
    "aniline": ["aminobenzene", "phenylamine", "aniline"],
    "benzene": ["benzene"],
    "ccl4": ["ccl4"],
    "chcl3": ["chloroform", "chcl3"],
    "cyclohexane": ["cyclohexane"],
    "diethylether": ["diethylether"],
    "dimethylsulfoxide": ["dimethylsulfoxide"],
    "ethanol": ["ethanol"],
    "h2o": ["h2o", "water"],
    "hexadecane": ["hexadecane"],
    "hexane": ["hexane"],
    "methanol": ["methanol"],
    "nitromethane": ["nitromethane"],
    "octanol": ["octanol"],
    "propanone": ["propanone"],
    "thf": ["thf"],
    "toluene": ["toluene"],
    "wet-octanol": ["wet_octanol", "woctanol"]
  },
  "cosmo": {
    "acetonitrile": ["cyanomethane", "acetonitrile", "mecn"],
    "aniline": ["aminobenzene", "phenylamine", "aniline"],
    "benzene": ["benzene"],
    "ccl4": ["ccl4"],
    "chcl3": ["chloroform", "chcl3"],
    "cyclohexane": ["cyclohexane"],
    "diethylether": ["diethylether"],
    "dimethylsulfoxide": ["dimethylsulfoxide"],
    "ethanol": ["ethanol"],
    "h2o": ["h2o", "water"],
    "hexadecane": ["hexadecane"],
    "hexane": ["hexane"],
    "methanol": ["methanol"],
    "nitromethane": ["nitromethane"],
    "octanol": ["octanol"],
    "propanone": ["propanone"],
    "thf": ["thf"],
    "toluene": ["toluene"],
    "wet-octanol": ["wet_octanol", "woctanol"]
  }
}
