{
    "acetone": 20.7,
    "acetonitrile": 36.6,
    "aniline": 6.9,
    "benzaldehyde": 18.2,
    "benzene": 2.3,
    "ccl4": 2.2,
    "ch2cl2": 9.1,
    "chcl3": 4.8,
    "cs2": 2.6,
    "cyclohexane": 2.0,
    "dichloroethane": 10.125,
    "diethylether": 4.4,
    "dioxane": 2.2,
    "dmf": 38.3,
    "dmso": 47.2,
    "ethanol": 24.6,
    "ethylacetate": 5.9,
    "furan": 3.0,
    "h2o": 80.1,
    "hexadecane": 2.1,
    "hexane": 1.9,
    "methanol": 32.7,
    "nitromethane": 38.2,
    "octane": 1.94,
    "octanol": 9.9,
    "phenol": 8.0,
    "thf": 7.6,
    "toluene": 2.4,
    "woctanol": 8.1
}